{
  "name": "angular-imgcache",
  "main": "angular-imgcache.js",
  "version": "1.0.0",
  "homepage": "https://github.com/maistho/angular-imgcache",
  "authors": [
    "maistho <maistho@gmail.com>",
    "Benes <benes@kodarna.cz>"
  ],
  "description": "Simple imgcache.js wrapper for AngularJS",
  "keywords": [
    "AngularJS",
    "imgcache.js",
    "JavaScript"
  ],
  "license": "MIT",
  "ignore": [
    "**/.*",
    "node_modules",
    "bower_components",
    "test",
    "tests"
  ],
  "dependencies": {
    "angular": "1.2.*",
    "imgcache.js": "*"
  },
  "_release": "1.0.0",
  "_resolution": {
    "type": "version",
    "tag": "v1.0.0",
    "commit": "f07c178b1fc3f42e9e525941a67073a5592db0e9"
  },
  "_source": "https://github.com/Maistho/angular-imgcache.js.git",
  "_target": "^1.0.0",
  "_originalSource": "angular-imgcache.js",
  "_direct": true
}